ilość elementów, czas[s]
10,1.6e-06
100,1.16e-05
1000,0.0001552
10000,0.0019166
100000,0.024317
1000000,0.292083
10000000,3.34007
