ilość elementów, czas[s]
10,1.4e-06
100,6.2e-06
1000,6.68e-05
10000,0.0008674
100000,0.0103934
1000000,0.123629
10000000,1.41516
