ilość elementów, czas[s]
10,2e-06
100,1.46e-05
1000,0.000202
10000,0.0023866
100000,0.0296416
1000000,0.36103
10000000,4.55591
